--
-- PostgreSQL database dump
--

-- Dumped from database version 10.10 (Ubuntu 10.10-0ubuntu0.18.04.1)
-- Dumped by pg_dump version 10.10 (Ubuntu 10.10-0ubuntu0.18.04.1)

SET statement_timeout = 0;
SET lock_timeout = 0;
SET idle_in_transaction_session_timeout = 0;
SET client_encoding = 'UTF8';
SET standard_conforming_strings = on;
SELECT pg_catalog.set_config('search_path', '', false);
SET check_function_bodies = false;
SET xmloption = content;
SET client_min_messages = warning;
SET row_security = off;

ALTER TABLE ONLY public.products DROP CONSTRAINT products_pkey;
ALTER TABLE ONLY public.orders DROP CONSTRAINT orders_pkey;
ALTER TABLE ONLY public.carts DROP CONSTRAINT carts_pkey;
ALTER TABLE ONLY public."cartItems" DROP CONSTRAINT "cartItems_pkey";
ALTER TABLE public.products ALTER COLUMN "productId" DROP DEFAULT;
ALTER TABLE public.orders ALTER COLUMN "orderId" DROP DEFAULT;
ALTER TABLE public.carts ALTER COLUMN "cartId" DROP DEFAULT;
ALTER TABLE public."cartItems" ALTER COLUMN "cartItemId" DROP DEFAULT;
DROP SEQUENCE public."products_productId_seq";
DROP TABLE public.products;
DROP SEQUENCE public."orders_orderId_seq";
DROP TABLE public.orders;
DROP SEQUENCE public."carts_cartId_seq";
DROP TABLE public.carts;
DROP SEQUENCE public."cartItems_cartItemId_seq";
DROP TABLE public."cartItems";
DROP EXTENSION plpgsql;
DROP SCHEMA public;
--
-- Name: public; Type: SCHEMA; Schema: -; Owner: -
--

CREATE SCHEMA public;


--
-- Name: SCHEMA public; Type: COMMENT; Schema: -; Owner: -
--

COMMENT ON SCHEMA public IS 'standard public schema';


--
-- Name: plpgsql; Type: EXTENSION; Schema: -; Owner: -
--

CREATE EXTENSION IF NOT EXISTS plpgsql WITH SCHEMA pg_catalog;


--
-- Name: EXTENSION plpgsql; Type: COMMENT; Schema: -; Owner: -
--

COMMENT ON EXTENSION plpgsql IS 'PL/pgSQL procedural language';


SET default_tablespace = '';

SET default_with_oids = false;

--
-- Name: cartItems; Type: TABLE; Schema: public; Owner: -
--

CREATE TABLE public."cartItems" (
    "cartItemId" integer NOT NULL,
    "cartId" integer NOT NULL,
    "productId" integer NOT NULL,
    price integer NOT NULL
);


--
-- Name: cartItems_cartItemId_seq; Type: SEQUENCE; Schema: public; Owner: -
--

CREATE SEQUENCE public."cartItems_cartItemId_seq"
    AS integer
    START WITH 1
    INCREMENT BY 1
    NO MINVALUE
    NO MAXVALUE
    CACHE 1;


--
-- Name: cartItems_cartItemId_seq; Type: SEQUENCE OWNED BY; Schema: public; Owner: -
--

ALTER SEQUENCE public."cartItems_cartItemId_seq" OWNED BY public."cartItems"."cartItemId";


--
-- Name: carts; Type: TABLE; Schema: public; Owner: -
--

CREATE TABLE public.carts (
    "cartId" integer NOT NULL,
    "createdAt" timestamp(6) with time zone DEFAULT now() NOT NULL
);


--
-- Name: carts_cartId_seq; Type: SEQUENCE; Schema: public; Owner: -
--

CREATE SEQUENCE public."carts_cartId_seq"
    AS integer
    START WITH 1
    INCREMENT BY 1
    NO MINVALUE
    NO MAXVALUE
    CACHE 1;


--
-- Name: carts_cartId_seq; Type: SEQUENCE OWNED BY; Schema: public; Owner: -
--

ALTER SEQUENCE public."carts_cartId_seq" OWNED BY public.carts."cartId";


--
-- Name: orders; Type: TABLE; Schema: public; Owner: -
--

CREATE TABLE public.orders (
    "orderId" integer NOT NULL,
    "cartId" integer NOT NULL,
    name text NOT NULL,
    "creditCard" text NOT NULL,
    "shippingAddress" text NOT NULL,
    "createdAt" timestamp(6) with time zone DEFAULT now() NOT NULL
);


--
-- Name: orders_orderId_seq; Type: SEQUENCE; Schema: public; Owner: -
--

CREATE SEQUENCE public."orders_orderId_seq"
    AS integer
    START WITH 1
    INCREMENT BY 1
    NO MINVALUE
    NO MAXVALUE
    CACHE 1;


--
-- Name: orders_orderId_seq; Type: SEQUENCE OWNED BY; Schema: public; Owner: -
--

ALTER SEQUENCE public."orders_orderId_seq" OWNED BY public.orders."orderId";


--
-- Name: products; Type: TABLE; Schema: public; Owner: -
--

CREATE TABLE public.products (
    "productId" integer NOT NULL,
    name text NOT NULL,
    price integer NOT NULL,
    image text NOT NULL,
    "shortDescription" text NOT NULL,
    "longDescription" text NOT NULL
);


--
-- Name: products_productId_seq; Type: SEQUENCE; Schema: public; Owner: -
--

CREATE SEQUENCE public."products_productId_seq"
    AS integer
    START WITH 1
    INCREMENT BY 1
    NO MINVALUE
    NO MAXVALUE
    CACHE 1;


--
-- Name: products_productId_seq; Type: SEQUENCE OWNED BY; Schema: public; Owner: -
--

ALTER SEQUENCE public."products_productId_seq" OWNED BY public.products."productId";


--
-- Name: cartItems cartItemId; Type: DEFAULT; Schema: public; Owner: -
--

ALTER TABLE ONLY public."cartItems" ALTER COLUMN "cartItemId" SET DEFAULT nextval('public."cartItems_cartItemId_seq"'::regclass);


--
-- Name: carts cartId; Type: DEFAULT; Schema: public; Owner: -
--

ALTER TABLE ONLY public.carts ALTER COLUMN "cartId" SET DEFAULT nextval('public."carts_cartId_seq"'::regclass);


--
-- Name: orders orderId; Type: DEFAULT; Schema: public; Owner: -
--

ALTER TABLE ONLY public.orders ALTER COLUMN "orderId" SET DEFAULT nextval('public."orders_orderId_seq"'::regclass);


--
-- Name: products productId; Type: DEFAULT; Schema: public; Owner: -
--

ALTER TABLE ONLY public.products ALTER COLUMN "productId" SET DEFAULT nextval('public."products_productId_seq"'::regclass);


--
-- Data for Name: cartItems; Type: TABLE DATA; Schema: public; Owner: -
--

COPY public."cartItems" ("cartItemId", "cartId", "productId", price) FROM stdin;
1	4	1	2999
2	5	1	2999
3	6	1	2999
4	7	1	2999
5	8	1	2999
6	9	2	2595
7	10	2	2595
8	11	2	2595
9	12	2	2595
10	13	2	2595
11	14	3	2900
12	14	2	2595
13	14	3	2900
14	14	3	2900
15	14	1	2999
16	14	2	2595
17	15	2	2595
18	15	5	9900
19	15	4	999
20	15	1	2999
21	16	3	2900
22	17	3	2900
23	18	3	2900
24	19	3	2900
25	19	2	2595
26	20	1	2999
27	20	2	2595
28	20	5	9900
29	20	6	830
30	21	3	2900
31	21	2	2595
32	21	1	2999
33	21	6	830
\.


--
-- Data for Name: carts; Type: TABLE DATA; Schema: public; Owner: -
--

COPY public.carts ("cartId", "createdAt") FROM stdin;
1	2020-03-11 14:30:07.646176-08
2	2020-03-11 14:52:12.508422-08
3	2020-03-11 14:53:47.131146-08
4	2020-03-11 15:57:53.169156-08
5	2020-03-11 16:33:26.502421-08
6	2020-03-11 16:38:00.706323-08
7	2020-03-11 16:39:14.824288-08
8	2020-03-11 16:41:22.30281-08
9	2020-03-11 16:51:35.344693-08
10	2020-03-11 16:55:56.705398-08
11	2020-03-11 16:56:10.164889-08
12	2020-03-11 17:38:22.057292-08
13	2020-03-11 19:15:19.920752-08
14	2020-03-12 10:39:38.107954-08
15	2020-03-13 09:08:08.417721-08
16	2020-03-13 10:47:10.028532-08
17	2020-03-13 14:03:33.888062-08
18	2020-03-13 14:49:51.124266-08
19	2020-03-13 15:00:44.657146-08
20	2020-03-13 15:54:48.951935-08
21	2020-03-13 15:58:24.906399-08
\.


--
-- Data for Name: orders; Type: TABLE DATA; Schema: public; Owner: -
--

COPY public.orders ("orderId", "cartId", name, "creditCard", "shippingAddress", "createdAt") FROM stdin;
4	16	Timmmayyy	123456678	123 LearningFuze	2020-03-13 10:47:23.198611-08
5	17	Blake	1234 1234 1234 1234	123 LearningFuze	2020-03-13 14:48:46.190682-08
6	18	Blake Ros	1234 1234 1234 1234	123 LearningFuze	2020-03-13 14:50:05.907488-08
7	19	Blake Ros	1234 1234 1234 1234	123 LearningFuze	2020-03-13 15:54:33.555685-08
8	20	Jack Choi	4321 4321 4321 4321	432 LearningFuze Dr	2020-03-13 15:55:28.385813-08
9	21	Timmay is Pai Mei	1234 1234 1234 1234	123 Teaching Students Dr	2020-03-13 15:59:42.121609-08
\.


--
-- Data for Name: products; Type: TABLE DATA; Schema: public; Owner: -
--

COPY public.products ("productId", name, price, image, "shortDescription", "longDescription") FROM stdin;
1	Shake Weight	2999	/images/shake-weight.jpg	Dynamic Inertia technology ignites muscles in arms, shoulders, and chest.	Lorem ipsum dolor amet fashion axe pour-over jianbing, adaptogen waistcoat tacos master cleanse pitchfork next level. Thundercats pour-over chartreuse 90's. Master cleanse hot chicken ennui offal. Freegan slow-carb offal hell of. Umami polaroid wolf slow-carb next level. Gentrify cardigan seitan, kombucha tacos chambray roof party typewriter man braid. Tote bag lo-fi hell of chia fam hammock\\n.Aesthetic photo booth la croix, vaporware leggings biodiesel man braid tumeric skateboard tousled slow-carb four dollar toast synth pabst pickled. Typewriter church-key chia slow-carb vice gochujang actually. Shoreditch austin woke hot chicken, single-origin coffee ugh affogato four loko green juice. Migas iPhone four dollar toast mustache.
2	ShamWow	2595	/images/shamwow.jpg	It's like a chamois, towel, and sponge, all in one! Soaks up to 10x it's weight in any liquid!	Lorem ipsum dolor amet fashion axe pour-over jianbing, adaptogen waistcoat tacos master cleanse pitchfork next level. Thundercats pour-over chartreuse 90's. Master cleanse hot chicken ennui offal. Freegan slow-carb offal hell of. Umami polaroid wolf slow-carb next level. Gentrify cardigan seitan, kombucha tacos chambray roof party typewriter man braid. Tote bag lo-fi hell of chia fam hammock\\n.Aesthetic photo booth la croix, vaporware leggings biodiesel man braid tumeric skateboard tousled slow-carb four dollar toast synth pabst pickled. Typewriter church-key chia slow-carb vice gochujang actually. Shoreditch austin woke hot chicken, single-origin coffee ugh affogato four loko green juice. Migas iPhone four dollar toast mustache.
3	Snuggie	2900	/images/snuggie.jpg	Super-Soft Fleece with pockets! One Size fits all Adults! Keeps you Warm & Your Hands-Free!	Lorem ipsum dolor amet fashion axe pour-over jianbing, adaptogen waistcoat tacos master cleanse pitchfork next level. Thundercats pour-over chartreuse 90's. Master cleanse hot chicken ennui offal. Freegan slow-carb offal hell of. Umami polaroid wolf slow-carb next level. Gentrify cardigan seitan, kombucha tacos chambray roof party typewriter man braid. Tote bag lo-fi hell of chia fam hammock\\n.Aesthetic photo booth la croix, vaporware leggings biodiesel man braid tumeric skateboard tousled slow-carb four dollar toast synth pabst pickled. Typewriter church-key chia slow-carb vice gochujang actually. Shoreditch austin woke hot chicken, single-origin coffee ugh affogato four loko green juice. Migas iPhone four dollar toast mustache.
4	Wax Vac	999	/images/wax-vac.jpg	Gentle way to remove ear wax. Safe and hygienic. Reduces the risk of painful infections.	Lorem ipsum dolor amet fashion axe pour-over jianbing, adaptogen waistcoat tacos master cleanse pitchfork next level. Thundercats pour-over chartreuse 90's. Master cleanse hot chicken ennui offal. Freegan slow-carb offal hell of. Umami polaroid wolf slow-carb next level. Gentrify cardigan seitan, kombucha tacos chambray roof party typewriter man braid. Tote bag lo-fi hell of chia fam hammock\\n.Aesthetic photo booth la croix, vaporware leggings biodiesel man braid tumeric skateboard tousled slow-carb four dollar toast synth pabst pickled. Typewriter church-key chia slow-carb vice gochujang actually. Shoreditch austin woke hot chicken, single-origin coffee ugh affogato four loko green juice. Migas iPhone four dollar toast mustache.
5	Ostrich Pillow	9900	/images/ostrich-pillow.jpg	Create your own snugly space in the world and feel-good anywhere with the ultimate cocoon pillow.	Lorem ipsum dolor amet fashion axe pour-over jianbing, adaptogen waistcoat tacos master cleanse pitchfork next level. Thundercats pour-over chartreuse 90's. Master cleanse hot chicken ennui offal. Freegan slow-carb offal hell of. Umami polaroid wolf slow-carb next level. Gentrify cardigan seitan, kombucha tacos chambray roof party typewriter man braid. Tote bag lo-fi hell of chia fam hammock\\n.Aesthetic photo booth la croix, vaporware leggings biodiesel man braid tumeric skateboard tousled slow-carb four dollar toast synth pabst pickled. Typewriter church-key chia slow-carb vice gochujang actually. Shoreditch austin woke hot chicken, single-origin coffee ugh affogato four loko green juice. Migas iPhone four dollar toast mustache.
6	Tater Mitts	830	/images/tater-mitts.jpg	8 Seconds is all you need with Tater Mitts. Quickly and easily prepare all your favorite potato dishes with Tater Mitts.	Lorem ipsum dolor amet fashion axe pour-over jianbing, adaptogen waistcoat tacos master cleanse pitchfork next level. Thundercats pour-over chartreuse 90's. Master cleanse hot chicken ennui offal. Freegan slow-carb offal hell of. Umami polaroid wolf slow-carb next level. Gentrify cardigan seitan, kombucha tacos chambray roof party typewriter man braid. Tote bag lo-fi hell of chia fam hammock\\n.Aesthetic photo booth la croix, vaporware leggings biodiesel man braid tumeric skateboard tousled slow-carb four dollar toast synth pabst pickled. Typewriter church-key chia slow-carb vice gochujang actually. Shoreditch austin woke hot chicken, single-origin coffee ugh affogato four loko green juice. Migas iPhone four dollar toast mustache.
\.


--
-- Name: cartItems_cartItemId_seq; Type: SEQUENCE SET; Schema: public; Owner: -
--

SELECT pg_catalog.setval('public."cartItems_cartItemId_seq"', 33, true);


--
-- Name: carts_cartId_seq; Type: SEQUENCE SET; Schema: public; Owner: -
--

SELECT pg_catalog.setval('public."carts_cartId_seq"', 21, true);


--
-- Name: orders_orderId_seq; Type: SEQUENCE SET; Schema: public; Owner: -
--

SELECT pg_catalog.setval('public."orders_orderId_seq"', 9, true);


--
-- Name: products_productId_seq; Type: SEQUENCE SET; Schema: public; Owner: -
--

SELECT pg_catalog.setval('public."products_productId_seq"', 1, false);


--
-- Name: cartItems cartItems_pkey; Type: CONSTRAINT; Schema: public; Owner: -
--

ALTER TABLE ONLY public."cartItems"
    ADD CONSTRAINT "cartItems_pkey" PRIMARY KEY ("cartItemId");


--
-- Name: carts carts_pkey; Type: CONSTRAINT; Schema: public; Owner: -
--

ALTER TABLE ONLY public.carts
    ADD CONSTRAINT carts_pkey PRIMARY KEY ("cartId");


--
-- Name: orders orders_pkey; Type: CONSTRAINT; Schema: public; Owner: -
--

ALTER TABLE ONLY public.orders
    ADD CONSTRAINT orders_pkey PRIMARY KEY ("orderId");


--
-- Name: products products_pkey; Type: CONSTRAINT; Schema: public; Owner: -
--

ALTER TABLE ONLY public.products
    ADD CONSTRAINT products_pkey PRIMARY KEY ("productId");


--
-- Name: SCHEMA public; Type: ACL; Schema: -; Owner: -
--

GRANT ALL ON SCHEMA public TO PUBLIC;


--
-- PostgreSQL database dump complete
--

